article,topic,tags
"Engineering societies provide invaluable opportunities for skill development and networking. Through workshops, seminars, and networking events, students can enhance their technical skills and establish connections with professionals in the field. Active participation in these societies fosters collaboration, leadership, and exposure to real-world engineering challenges.",The Role of Engineering Societies in Skill Development and Networking,"Engineering Societies, Skill Development, Networking"
"Active participation in engineering societies is crucial for holistic growth. Engaging in various activities such as organizing events, participating in projects, and attending workshops allows students to develop leadership, communication, and teamwork skills. Moreover, networking opportunities provided by these societies enable students to connect with industry professionals and gain insights into potential career paths.",Importance of Active Participation in Engineering Societies for Holistic Growth,"Active Participation, Holistic Growth, Engineering Societies"
"Data structures and algorithms (DSA) form the backbone of computer science and engineering. Proficiency in DSA is essential for efficient problem-solving and algorithmic thinking. By mastering DSA concepts such as arrays, linked lists, sorting algorithms, and search techniques, engineers can develop robust and scalable solutions to complex problems. Whether designing software applications or optimizing systems, a strong foundation in DSA empowers engineers to tackle challenges with confidence and precision.",Leveraging Data Structures and Algorithms (DSA) for Efficient Problem Solving,"Data Structures, Algorithms, Efficient Problem Solving"
"In addition to technical expertise, soft skills are essential for success in engineering and beyond. Effective communication, teamwork, leadership, and time management are critical skills that complement technical abilities and enhance employability. Engineering students should actively cultivate these soft skills through workshops, presentations, and group projects. By honing these abilities, engineers can effectively collaborate with colleagues, lead projects, and adapt to evolving industry demands, ensuring long-term success in their careers.",Developing Soft Skills,"Soft Skills, Development, Skills"
"Balancing academics and extracurricular activities is essential for enhancing CGPA. Effective time management, prioritization, and goal setting are key strategies for success. Engineering students should create a study schedule, allocate time for coursework, projects, and revision, and actively participate in extracurricular activities. Additionally, seeking help from professors, joining study groups, and utilizing resources such as libraries and online platforms can aid in understanding complex concepts and improving academic performance. By maintaining a balanced approach, students can achieve academic excellence while actively engaging in extracurricular pursuits.","Strategies for Enhancing CGPA,Balancing Academics and Extracurricular Activities","Enhancing CGPA, Balancing, Academics"
"Effective interview preparation is essential for landing your dream job in engineering. Researching the company, understanding job requirements, and practicing common interview questions are crucial steps. Additionally, refining communication skills, showcasing technical expertise, and highlighting relevant experiences can impress potential employers. Mock interviews, feedback sessions, and networking with industry professionals can further enhance interview readiness. By thoroughly preparing and presenting themselves confidently, engineering graduates can secure rewarding opportunities and embark on successful career journeys.",Interview Preparation Strategies for Landing Your Dream Job,"Interview Preparation, Strategies, Dream Job"
"Engineering graduates have diverse career opportunities beyond technical roles. Fields such as management, consulting, finance, and entrepreneurship offer exciting prospects for those with engineering backgrounds. Transferable skills such as problem-solving, analytical thinking, and project management are highly valued in non-technical sectors. Networking, internships, and career counseling can help students explore and transition into these alternative career paths. By leveraging their engineering education and skills, graduates can pursue fulfilling careers in various industries and make meaningful contributions to society.",Exploring Non-Technical Career Paths for Engineering Graduates,"Non-Technical Career Paths, Exploring, Engineering Graduates"
"Artificial intelligence (AI) is revolutionizing society and industries across the globe. From autonomous vehicles and virtual assistants to predictive analytics and healthcare diagnostics, AI applications are transforming how we live, work, and interact. However, the widespread adoption of AI raises ethical, societal, and economic implications. Understanding the opportunities and challenges posed by AI is crucial for engineers and policymakers. By harnessing the potential of AI responsibly and ethically, we can shape a future where technology benefits humanity while mitigating risks and ensuring inclusivity.",Understanding the Impact of Artificial Intelligence (AI) on Society and Industries,"Artificial Intelligence, Impact, Society"
"Ethics and responsibility are paramount in the development and deployment of artificial intelligence (AI). Engineers and developers must consider the ethical implications of AI algorithms, including bias, privacy concerns, and societal impacts. Responsible AI practices involve transparency, fairness, accountability, and inclusivity throughout the AI lifecycle. Regulatory frameworks, industry standards, and ethical guidelines play a crucial role in guiding AI development and deployment. By prioritizing ethical considerations and upholding ethical principles, we can ensure that AI technologies serve the greater good and uphold human values.",Ethics and Responsibility in AI Development and Deployment,"Ethics, Responsibility, AI Development"
"AI and machine learning offer vast career opportunities across industries. From data scientists and machine learning engineers to AI researchers and consultants, professionals in this field are in high demand. Skills such as programming, data analysis, statistical modeling, and domain expertise are essential for success in AI careers. Specialized training programs, certifications, and hands-on projects can help individuals acquire these skills and transition into AI roles. By staying updated on the latest developments and continuously learning, aspiring AI professionals can thrive in this dynamic and rewarding field.",Exploring Career Opportunities in AI and Machine Learning,"Career Opportunities, AI, Machine Learning"
"The future of work is being shaped by automation and AI technologies. While these advancements offer increased efficiency and productivity, they also raise concerns about job displacement and workforce transformation. Engineers must adapt by acquiring new skills, such as data analysis, programming, and AI development. Embracing lifelong learning and continuous upskilling is crucial for staying relevant in the evolving job market. Moreover, policymakers and organizations must prioritize workforce reskilling and create supportive environments for workers to thrive in the digital age.","The Future of Work,Adapting to Automation and AI Technologies","Future of Work, Adapting, Automation"
"Integrating technical and non-technical skills is essential for holistic engineering education. While technical skills are foundational, non-technical skills such as communication, teamwork, and leadership are equally important for career success. Engineering curricula should incorporate interdisciplinary projects, communication workshops, and leadership development programs to nurture these skills. By bridging the gap between technical and non-technical domains, engineering graduates can effectively collaborate, communicate complex ideas, and lead multidisciplinary teams, enhancing their employability and contributing to innovation in diverse fields.",Integrating Technical and Non-Technical Skills in Engineering Education,"Integrating Skills, Technical, Non-Technical"
"Communication skills are indispensable for engineering professionals. Effective communication facilitates collaboration, problem-solving, and project management in engineering projects. Engineers must convey technical concepts clearly to diverse audiences, including clients, colleagues, and stakeholders. Written and verbal communication, presentation skills, and active listening are essential for success in engineering roles. Engineering education should emphasize communication training through workshops, presentations, and real-world projects to equip students with the necessary skills. By mastering communication, engineers can enhance their professional credibility, foster productive relationships, and drive positive outcomes in their careers.",Importance of Communication Skills for Engineering Professionals,"Communication Skills, Importance, Engineering Professionals"
"Leadership development is essential for engineering professionals to drive innovation and navigate complex challenges. Engineers often assume leadership roles in project teams, departments, or organizations, requiring skills such as decision-making, strategic planning, and team management. Leadership development programs, mentorship opportunities, and experiential learning initiatives can help engineers cultivate these skills. Effective leaders inspire, empower, and motivate teams to achieve shared goals, foster a culture of innovation, and drive organizational success. By investing in leadership development, engineering professionals can unlock their full potential and make meaningful contributions to society.",Leadership Development in Engineering:,"Leadership Development, Engineering, Leadership"
"Building a strong personal brand is essential for engineering professionals to stand out in a competitive job market. Social media platforms offer powerful tools for networking, showcasing expertise, and building an online presence. Engineers can leverage platforms such as LinkedIn, Twitter, and professional blogs to share industry insights, showcase projects, and engage with peers and recruiters. By consistently creating valuable content, actively participating in discussions, and networking with industry professionals, engineers can establish themselves as thought leaders and expand their career opportunities in the digital age.","Building a Strong Personal Brand,Leveraging Social Media for Career Growth","Personal Brand, Social Media, Career Growth"
"Design thinking is increasingly being integrated into engineering innovation processes to create user-centric solutions. By empathizing with users, defining problems, ideating solutions, prototyping, and testing iteratively, engineers can design products and services that meet user needs effectively. Design thinking encourages creativity, collaboration, and a human-centered approach to problem-solving, driving innovation in engineering. Incorporating design thinking methodologies into engineering curricula and project-based learning initiatives can foster a culture of innovation and empower engineers to address complex challenges with empathy and creativity.",The Intersection of Design Thinking and Engineering Innovation,"Design Thinking, Intersection, Engineering Innovation"
"Open source contributions offer valuable opportunities for engineers to enhance their skills and contribute to the global community. By collaborating on open source projects, engineers can gain practical experience, expand their technical knowledge, and build a portfolio of work. Contributing to open source fosters collaboration, peer learning, and mentorship, while also providing visibility to potential employers. Platforms such as GitHub, GitLab, and open source communities offer resources, documentation, and support for aspiring contributors. By actively participating in open source initiatives, engineers can accelerate their professional growth and make meaningful contributions to the software ecosystem.",Harnessing the Power of Open Source Contributions for Skill Enhancement,"Open Source Contributions, Power, Skill Enhancement"
"Cybersecurity awareness is essential for engineering students to protect themselves and their organizations from cyber threats. Understanding common attack vectors, such as phishing, malware, and social engineering, is crucial for maintaining security online. Adopting best practices such as using strong passwords, enabling multi-factor authentication, and keeping software up to date can mitigate cybersecurity risks. Engineering curricula should incorporate cybersecurity education, training, and hands-on exercises to equip students with the knowledge and skills to safeguard digital assets effectively. By prioritizing cybersecurity awareness, engineering students can contribute to a safer and more secure digital environment.",Cybersecurity Awareness and Best Practices for Engineering Students,"Cybersecurity Awareness, Best Practices, Engineering Students"
"Entrepreneurship offers exciting opportunities for engineers to innovate, create value, and make a positiveimpact in the tech industry. Engineers possess the technical expertise, problem-solving skills, and innovative mindset necessary to launch successful startups and disrupt traditional markets. By identifying unmet needs, developing innovative solutions, and leveraging emerging technologies, engineers can address market gaps and build scalable businesses. Entrepreneurship programs, incubators, and accelerators provide resources, mentorship, and funding to support aspiring tech entrepreneurs. Engineers can also benefit from networking events, pitch competitions, and industry partnerships to validate ideas and access new opportunities. By embracing entrepreneurship, engineers can unleash their creativity, drive economic growth, and shape the future of technology.",Exploring Opportunities for Entrepreneurship in the Tech Industry,"Opportunities, Entrepreneurship, Tech Industry"
"Cloud computing and big data analytics are transforming business operations across industries. Cloud platforms offer scalability, flexibility, and cost-effectiveness, enabling organizations to store, process, and analyze large volumes of data efficiently. Big data analytics provides actionable insights that drive informed decision-making, optimize processes, and enhance customer experiences. From predictive analytics and machine learning to data visualization and real-time monitoring, organizations leverage big data to gain competitive advantages and drive innovation. Embracing cloud computing and big data analytics is essential for organizations to thrive in the digital era and capitalize on emerging opportunities.",The Impact of Cloud Computing and Big Data Analytics on Business Operations,"Impact, Cloud Computing, Big Data Analytics"
"Developing mobile applications is a dynamic field driven by evolving trends and technologies. From native and cross-platform development to progressive web apps and cloud-based solutions, engineers have a plethora of options to create innovative mobile experiences. Embracing emerging technologies such as augmented reality, machine learning, and Internet of Things (IoT) integration can enhance user engagement and functionality. Moreover, staying updated on mobile app design principles, user experience (UX) best practices, and security considerations is crucial for delivering successful mobile solutions in today's competitive market.","Developing Mobile Applications,Trends and Technologies","Mobile Applications, Trends, Technologies"
"Continuous learning is essential for professionals in the rapidly evolving tech industry. With new technologies, tools, and frameworks emerging regularly, engineers must stay updated to remain competitive. Online courses, certifications, workshops, and conferences offer opportunities to expand skills and knowledge. Additionally, participating in hackathons, open-source projects, and peer learning communities fosters collaboration and innovation. By embracing a growth mindset and committing to lifelong learning, engineers can adapt to industry changes, explore new career opportunities, and drive innovation in their respective fields.",Importance of Continuous Learning in the Rapidly Evolving Tech Industry,"Continuous Learning, Importance, Tech Industry"
"Effective time management is crucial for engineering students to balance academic demands, projects, and extracurricular activities. Prioritizing tasks, creating study schedules, and setting realistic goals can help students manage their time effectively. Utilizing productivity tools such as calendars, to-do lists, and task managers can enhance organization and efficiency. Moreover, practicing good study habits, taking regular breaks, and maintaining a healthy work-life balance are essential for long-term success. By implementing strategies for time management and productivity, engineering students can maximize their academic performance and overall well-being.",Strategies for Effective Time Management and Productivity in Engineering Studies,"Time Management, Productivity, Strategies"
"Project management is integral to the success of engineering projects, ensuring they are completed on time, within budget, and to specifications. Understanding project management principles, methodologies, and tools is essential for engineers overseeing or participating in projects. From initiating and planning to executing, monitoring, and closing, project management encompasses various phases and processes. Effective communication, stakeholder engagement, risk management, and resource allocation are key components of successful project management. By mastering project management basics, engineers can lead projects with confidence and deliver value to stakeholders.",Understanding the Basics of Project Management for Engineering Projects,"Basics of Project Management, Engineering Projects, Understanding"
"Exploring green technologies is essential for addressing environmental challenges and promoting sustainability. From renewable energy sources such as solar, wind, and hydropower to energy-efficient technologies, green solutions offer alternatives to traditional fossil fuels and reduce carbon emissions. Additionally, sustainable practices such as waste reduction, recycling, and circular economy models minimize environmental impact and conserve resources. Engineers play a crucial role in developing and implementing green technologies across industries, driving innovation and mitigating climate change. By embracing green technologies, societies can achieve economic prosperity while safeguarding the planet for future generations.",Exploring Green Technologies: Sustainable Solutions for Environmental Challenges,"Green Technologies, Sustainable Solutions, Environmental Challenges"
"Engineers are at the forefront of addressing global challenges such as climate change, leveraging their expertise to develop sustainable solutions. From renewable energy infrastructure and green building design to clean transportation and waste management, engineers play a crucial role in mitigating climate change impacts. Collaborative efforts between governments, industries, and communities are essential for implementing scalable solutions and achieving climate resilience. By innovating technologies, advocating for policy change, and promoting sustainable practices, engineers can contribute to a more sustainable and equitable future for all.",The Role of Engineers in Addressing Global Challenges such as Climate Change,"Engineers' Role, Addressing, Global Challenges"
"Innovation in renewable energy technologies is driving the transition towards a greener future. Advances in solar, wind, hydro, and geothermal energy systems are making renewable energy sources more accessible, affordable, and efficient. From solar panels and wind turbines to energy storage solutions and smart grids, engineers are developing innovative technologies to harness renewable resources and reduce reliance on fossil fuels. Government incentives, private investments, and public awareness are accelerating the adoption of renewable energy worldwide. By embracing innovation in renewable energy, societies can achieve energy security, mitigate climate change, and foster sustainable development.",Innovation in Renewable Energy Technologies: Moving Towards a Greener Future,"Innovation, Renewable Energy Technologies, Greener Future"
"Environmental engineering and sustainability offer diverse career paths for engineers passionate about addressing environmental challenges. From water and air quality management to waste treatment and environmental consulting, environmental engineers play a crucial role in protecting natural resources and promoting sustainability. Sustainable design, green building certification, and climate resilience planning are emerging areas that offer rewarding career opportunities. By acquiring specialized skills, pursuing advanced degrees, and gaining practical experience through internships and projects, engineers can embark on fulfilling careers in environmental engineering and contribute to building a more sustainable future.",Exploring Career Paths in Environmental Engineering and Sustainability,"Career Paths, Environmental Engineering, Sustainability"
"The future of transportation is characterized by smart mobility solutions and innovative urban planning strategies. From electric and autonomous vehicles to bike-sharing programs and integrated public transit systems, cities are embracing sustainable and efficient transportation options. Smart technologies such as real-time traffic management, intelligent transportation systems, and connected infrastructure optimize mobility and enhance the commuter experience. Moreover, urban planning initiatives such as transit-oriented development, pedestrian-friendly designs, and mixed-use zoning promote livability and reduce reliance on private vehicles. By embracing the future of transportation, cities can create inclusive, accessible, and environmentally friendly urban environments.","The Future of Transportation,Smart Mobility Solutions and Urban Planning","Future of Transportation, Smart Mobility Solutions, Urban Planning"
"Building resilient infrastructure is essential for mitigating the impact of natural and man-made disasters and ensuring community safety and well-being. Engineers play a critical role in designing and constructing infrastructure that can withstand and recover from hazards such as earthquakes, floods, hurricanes, and cyberattacks. Resilient infrastructure incorporates innovative design principles, advanced materials, and redundant systems to minimize downtime and disruptions. Additionally, proactive measures such as risk assessment, early warning systems, and community preparedness initiatives enhance resilience and promote rapid recovery in the face of adversity.","Building Resilient Infrastructure,Engineering Solutions for Disaster Management","Resilient Infrastructure, Disaster Management, Engineering Solutions"
"Prompt engineering is crucial in today's fast-paced world, where rapid technological advancements and changing market demands require agile responses. Engineers must prioritize efficiency, adaptability, and innovation to deliver timely solutions that meet customer needs. By embracing lean methodologies, iterative development processes, and continuous improvement practices, engineering teams can accelerate time-to-market and gain a competitive edge. Moreover, fostering a culture of prompt engineering promotes collaboration, accountability, and customer satisfaction, driving long-term success and growth in dynamic industries.",Importance of Prompt Engineering Today,"Prompt Engineering, Importance of Prompt Engineering,Future"
"Social media platforms are transforming engineering education and professional development, offering new opportunities for learning, collaboration, and networking. Engineering students and professionals utilize platforms such as LinkedIn, Twitter, and YouTube to access educational resources, connect with peers, and engage with industry thought leaders. Moreover, social media enables engineers to showcase their projects, share insights, and build their personal brand online. By leveraging social media effectively, individuals can enhance their skills, expand their professional network, and stay updated on industry trends, fostering continuous learning and career advancement in the digital age.",The Impact of Social Media on Engineering Education and Professional Development,"Impact, Social Media, Engineering Education"
"Effective mentorship and career guidance are invaluable for engineering students and professionals to navigate their career paths and achieve their goals. Mentors provide valuable insights, advice, and support based on their own experiences and expertise. They offer guidance on career decisions, skill development, and professional growth, helping mentees overcome challenges and seize opportunities. Establishing mentorship programs, networking with industry professionals, and seeking mentorship from senior colleagues are essential strategies for career development in engineering. By fostering mentorship relationships, individuals can gain valuable knowledge, perspective, and support to thrive in their careers.",Strategies for Effective Mentorship and Career Guidance in Engineering,"Strategies, Mentorship, Career Guidance"
"Hackathons are powerful platforms for fostering innovation, collaboration, and creativity in tech communities. These events bring together developers, designers, and entrepreneurs to collaborate on solving real-world problems and building prototype solutions within a short timeframe. Hackathons encourage experimentation, rapid prototyping, and out-of-the-box thinking, driving breakthrough innovations and fostering a culture of entrepreneurship. Participants gain hands-on experience, expand their professional network, and showcase their skills to potential employers. By leveraging hackathons effectively, tech communities can accelerate innovation, inspire collaboration, and address pressing challenges through collective problem-solving.",Leveraging Hackathons for Innovation and Collaboration in Tech Communities,"Leveraging Hackathons, Innovation, Collaboration"
"Intellectual property rights and patents play a crucial role in protecting engineering innovations and incentivizing investment in research and development. Engineers must understand the basics of intellectual property law, including patents, trademarks, copyrights, and trade secrets, to safeguard their inventions and creations. Patenting innovative technologies, designs, and processes can provide legal protection and exclusive rights to commercialize inventions. Moreover, licensing intellectual property enables engineers to monetize their innovations and collaborate with industry partners. By navigating intellectual property rights effectively, engineers can maximize the value of their innovations and contribute to technological advancement.",Understanding Intellectual Property Rights and Patents in Engineering Innovation,"Intellectual Property Rights, Patents, Understanding"
"Engineers play a vital role in humanitarian aid and global development projects, leveraging their expertise to address critical challenges and improve quality of life in underserved communities. From designing clean water systems and renewable energy solutions to constructing resilient infrastructure and providing disaster relief, engineers contribute to sustainable development goals worldwide. Collaborative efforts between governments, non-profit organizations, and engineering firms are essential for implementing impactful projects and empowering communities. By applying their technical skills and knowledge, engineers can make a positive impact and create lasting change in the world.",The Role of Engineers in Humanitarian Aid and Global Development Projects,"Engineers' Role, Humanitarian Aid, Global Development"
"Virtual reality (VR) and augmented reality (AR) are revolutionizing engineering design, visualization, and training processes. These immersive technologies enable engineers to create realistic simulations, visualize complex data, and interact with virtual environments in real-time. From architectural visualization and product prototyping to virtual training simulations and maintenance procedures, VR and AR applications enhance collaboration, improve decision-making, and streamline workflows in engineering projects. As VR and AR technologies continue to evolve, engineers have exciting opportunities to leverage these tools for innovative solutions and enhance the way they design, build, and operate systems",Exploring Virtual Reality and Augmented Reality Applications in Engineering,"Virtual Reality, Augmented Reality, Applications"
"Ethical considerations are paramount in biotechnology and genetic engineering, where advancements in gene editing, cloning, and genetic modification raise complex ethical dilemmas. Engineers working in biotech must adhere to ethical guidelines, regulatory frameworks, and informed consent principles to ensure responsible research and development practices. Ethical considerations include issues such as genetic privacy, equitable access to technology, and the potential consequences of genetic manipulation. Collaboration between scientists, policymakers, and ethicists is essential for navigating these ethical challenges and promoting ethical standards in biotechnology and genetic engineering.",Ethical Considerations in Biotechnology and Genetic Engineering,"Ethical Considerations, Biotechnology, Genetic Engineering"
"The future of education is characterized by a blend of traditional learning and online platforms, offering flexible, accessible, and personalized learning experiences. From Massive Open Online Courses (MOOCs) and virtual classrooms to interactive learning modules and gamified experiences, online platforms expand access to education and cater to diverse learning styles. Blending traditional and online learning approaches enables educators to deliver engaging content, facilitate collaboration, and track student progress effectively. By embracing technology-enhanced learning, educational institutions can adapt to the needs of digital-native learners and prepare students for success in the 21st-century workforce.","The Future of Education,Blending Traditional Learning with Online Platforms","Future of Education, Blending, Online Platforms"
"Mental health challenges are prevalent in the engineering community, stemming from academic pressure, workplace stress, and imposter syndrome. Engineers must prioritize self-care and seek support to maintain mental well-being. Strategies such as mindfulness, exercise, and time management techniques can help alleviate stress and promote a healthy work-life balance. Additionally, fostering open communication and creating a supportive environment where individuals feel comfortable seeking help is essential. Employers and academic institutions should implement mental health awareness programs, provide access to counseling services, and encourage regular breaks to prevent burnout. By prioritizing mental health, engineers can thrive both personally and professionally, contributing to a more resilient and compassionate engineering community.","Addressing Mental Health Challenges in Engineering,Strategies for Self-Care and Support","Mental Health Challenges, Self-Care Strategies, Engineering Support"
"Remote work and digital nomadism offer engineers the flexibility to work from anywhere in the world, leveraging technology to collaborate and stay productive. With the rise of remote-friendly companies and digital communication tools, engineers can pursue location-independent careers while exploring new destinations and cultures. Embracing remote work allows engineers to achieve work-life balance, reduce commuting stress, and access global job opportunities. By embracing remote work and digital nomadism, engineers can enjoy freedom and flexibility in their careers while making meaningful contributions to projects around the globe.",Exploring Opportunities for Remote Work and Digital Nomadism in Engineering,"Remote Work Opportunities, Digital Nomadism, Engineering"
"Engineering plays a pivotal role in space exploration and colonization, enabling humanity to push the boundaries of scientific discovery and expand beyond Earth. From designing spacecraft and habitats to developing life support systems and propulsion technologies, engineers drive innovation in space exploration. Collaborative efforts between space agencies, aerospace companies, and research institutions are essential for advancing space missions and establishing sustainable human presence in space. By pushing the frontiers of engineering, scientists and engineers pave the way for future generations to explore new worlds and unlock the mysteries of the universe.",The Role of Engineering in Space Exploration and Colonization,"Engineering Role, Space Exploration, Colonization"
"Blockchain technology has the potential to revolutionize various industries, offering secure, transparent, and decentralized solutions for digital transactions and data management. Engineers play a crucial role in developing blockchain applications, designing smart contracts, and optimizing blockchain networks for scalability and efficiency. From cryptocurrency transactions and supply chain management to voting systems and identity verification, blockchain applications are diverse and far-reaching. By understanding blockchain technology and its underlying principles, engineers can harness its disruptive potential to drive innovation, streamline processes, and transform industries in the digital age.",Understanding Blockchain Technology and its Potential Disruptive Impact,"Blockchain Technology, Disruptive Impact, Understanding"
"Cross-disciplinary collaboration is essential for tackling complex problems that require diverse expertise and perspectives. Engineers collaborate with professionals from various fields, including science, technology, humanities, and business, to address grand challenges such as climate change, healthcare, and urbanization. Interdisciplinary teams bring together complementary skills, knowledge, and methodologies to develop holistic solutions that consider social, economic, and environmental factors. By fostering cross-disciplinary collaboration, organizations and institutions can drive innovation, break down silos, and create synergies that lead to impactful outcomes and positive societal change.",The Importance of Cross-Disciplinary Collaboration in Solving Complex Problems,"Cross-Disciplinary Collaboration, Importance, Complex Problems"
"Promoting STEM (Science, Technology, Engineering, and Mathematics) education and outreach programs is essential for providing equitable access to opportunities and addressing disparities in underserved communities. Engineers and educators collaborate to develop hands-on learning experiences, mentorship initiatives, and STEM enrichment programs that inspire and empower students from diverse backgrounds. By engaging underrepresented groups in STEM, such as women, minorities, and low-income students, these programs foster diversity, equity, and inclusion in the STEM workforce. By promoting STEM education and outreach, engineers can cultivate the next generation of innovators and problem solvers, ensuring a brighter future for all.",Promoting STEM Education and Outreach Programs for Underprivileged Communities,"STEM Education, Outreach Programs, Underprivileged Communities"
"Quantum computing holds the promise of revolutionizing computing power and enabling breakthroughs in areas such as cryptography, materials science, and drug discovery. Engineers are at the forefront of developing quantum hardware, algorithms, and applications that harness the unique properties of quantum mechanics. From quantum bits (qubits) and superposition to entanglement and quantum supremacy, quantum computing offers unprecedented computational capabilities that could solve complex problems beyond the reach of classical computers. By exploring the potential of quantum computing, engineers pave the way for transformative advances that redefine the limits of technology and drive innovation in diverse fields.",Exploring the Potential of Quantum Computing for Revolutionary Breakthroughs,"Quantum Computing, Potential, Revolutionary Breakthroughs"
"Promoting ethical AI development and deployment is crucial for ensuring that artificial intelligence technologies benefit society while minimizing potential risks and biases. Engineers and ethicists collaborate to develop ethical frameworks, guidelines, and best practices that govern AI research, design, and implementation. Key principles include transparency, fairness, accountability, and privacy, which guide responsible AI development and deployment. By prioritizing ethical considerations throughout the AI lifecycle, engineers can build trust, mitigate harm, and maximize the societal impact of AI technologies. By promoting ethical AI, engineers uphold integrity, uphold integrity, and advance the responsible use of technology for the greater good.",Promoting Ethical AI Development and Deployment in Engineering,"Ethical AI Development, Deployment, Engineering"
"Emerging technologies such as artificial intelligence, genomics, and biotechnology are transforming healthcare and biomedical engineering, revolutionizing diagnosis, treatment, and patient care. Engineers collaborate with healthcare professionals and researchers to develop innovative medical devices, diagnostic tools, and therapies that improve outcomes and enhance quality of life. From wearable sensors and personalized medicine to regenerative therapies and telemedicine, emerging technologies offer new possibilities for addressing global health challenges and advancing precision medicine. By harnessing the power of technology, engineers drive innovation in healthcare, making healthcare more accessible, affordable, and effective for all.",The Impact of Emerging Technologies on Healthcare and Biomedical Engineering,"Impact, Emerging Technologies, Healthcare"
"The convergence of biology and engineering is driving innovations in bioengineering and biomedical sciences, unlocking new possibilities for healthcare, biotechnology, and beyond. Engineers collaborate with biologists, geneticists, and medical professionals to develop cutting-edge technologies and therapies that address complex biological challenges. From tissue engineering and regenerative medicine to gene editing and drug delivery systems, bioengineering solutions hold the potential to revolutionize medical treatments and improve patient outcomes. By bridging the gap between disciplines, engineers pave the way for transformative discoveries that shape the future of healthcare and enhance the quality of life for individuals worldwide.","The Convergence of Biology and Engineering,Innovations in Bioengineering and Biomedical Sciences","Convergence, Biology and Engineering, Innovations"
